year,category,signed,filename,path,relative_path,size_bytes,modified,sha256,pages,text_chars,page_text_chars,extract_error
2026,respuesta_inspeccion_recepcion,False,GF-EIM-IT-0025-2026-Visita 1 A.A. Suc. Turrialba.pdf,C:\Users\marco\OneDrive - Caja Costarricense de Seguro Social\EIMGF\2026\Informes TEC 2026 PDF\GF-EIM-IT-0025-2026-Visita 1 A.A. Suc. Turrialba.pdf,2026\Informes TEC 2026 PDF\GF-EIM-IT-0025-2026-Visita 1 A.A. Suc. Turrialba.pdf,343734,1778098380.0,7a79189e6daad6bccd12e1944bb3c424a702128cce30dc5476d585eeb6b958cc,2,4392,"[2411, 1972]",
2026,respuesta_inspeccion_recepcion,False,GF-EIM-N-0005-2026-Respuesta A.A. Santa Cruz.pdf,C:\Users\marco\OneDrive - Caja Costarricense de Seguro Social\EIMGF\2026\Notas 2026 PDF\GF-EIM-N-0005-2026-Respuesta A.A. Santa Cruz.pdf,2026\Notas 2026 PDF\GF-EIM-N-0005-2026-Respuesta A.A. Santa Cruz.pdf,362113,1768512798.0,7ef7cdf92db2780b8f65c8c4e00cdfb8287a4a91030bec0a7c9c22bfdd74ebc4,4,8974,"[2323, 2906, 2986, 735]",
2026,especificacion_compra_instalacion,False,GF-EIM-N-0032-2026 -Nota aclaratoria a Esp. Tec. Puriscal.pdf,C:\Users\marco\OneDrive - Caja Costarricense de Seguro Social\EIMGF\2026\Notas 2026 PDF\GF-EIM-N-0032-2026 -Nota aclaratoria a Esp. Tec. Puriscal.pdf,2026\Notas 2026 PDF\GF-EIM-N-0032-2026 -Nota aclaratoria a Esp. Tec. Puriscal.pdf,322193,1773879424.0,794796b2e3ba62e687d31fe19e99decd0311f5ad870ffbf71b37660dd09836b1,2,4925,"[2158, 2757]",
2025,especificacion_compra_instalacion,True,GF-EIM-IT-0019-2025---Esp. Tec. Aires Acondicionados-firmado.pdf,C:\Users\marco\OneDrive - Caja Costarricense de Seguro Social\EIMGF\2025\Informes TEC 2025 PDF\GF-EIM-IT-0019-2025---Esp. Tec. Aires Acondicionados-firmado.pdf,2025\Informes TEC 2025 PDF\GF-EIM-IT-0019-2025---Esp. Tec. Aires Acondicionados-firmado.pdf,532404,1748893567.0,fe94110d8e9acd359a979b3545e26c2ee814d9f51f13365592999e85e489c732,22,76004,"[3249, 4008, 3189, 3817, 3446, 3727, 2775, 3215, 3735, 3195, 3457, 3837, 3893, 4122, 3871, 3642, 3633, 3921, 3513, 2848, 2964, 1878]",
2025,especificacion_compra_instalacion,True,GF-EIM-IT-0031-2025---Esp. Tec. Aires Acondicionados-firmado.pdf,C:\Users\marco\OneDrive - Caja Costarricense de Seguro Social\EIMGF\2025\Informes TEC 2025 PDF\GF-EIM-IT-0031-2025---Esp. Tec. Aires Acondicionados-firmado.pdf,2025\Informes TEC 2025 PDF\GF-EIM-IT-0031-2025---Esp. Tec. Aires Acondicionados-firmado.pdf,585227,1755640551.0,12a14a6ec0425ab3ed29fdeaf3b41aff8938ed0ae742a0a36c78add44bad2551,23,78511,"[3251, 4008, 3189, 3817, 3446, 3727, 2675, 3054, 3640, 3011, 3376, 3706, 3875, 4082, 3813, 3786, 3465, 3992, 3290, 3446, 2245, 2883, 2659]",
2024,especificacion_compra_instalacion,True,GF-EIM-IT-0024-2024---Esp. Tec. Aires Acondicionados-firmado.pdf,C:\Users\marco\OneDrive - Caja Costarricense de Seguro Social\EIMGF\2024\Informes TEC 2024 PDF\GF-EIM-IT-0024-2024---Esp. Tec. Aires Acondicionados-firmado.pdf,2024\Informes TEC 2024 PDF\GF-EIM-IT-0024-2024---Esp. Tec. Aires Acondicionados-firmado.pdf,540101,1716322508.0,65fb7dd33d5d0fbd6938ff5e792d2fb0476186261fbcc3c44f5690abe2af1948,22,74749,"[3249, 4009, 3391, 3698, 3343, 3686, 2772, 3103, 3736, 3195, 3457, 3837, 3894, 4122, 3871, 3642, 3633, 3921, 3138, 2626, 2179, 2182]",
2024,especificacion_compra_instalacion,True,GF-EIM-IT-0053-2024---Esp. Tec. Aires Acondicionados-firmado.pdf,C:\Users\marco\OneDrive - Caja Costarricense de Seguro Social\EIMGF\2024\Informes TEC 2024 PDF\GF-EIM-IT-0053-2024---Esp. Tec. Aires Acondicionados-firmado.pdf,2024\Informes TEC 2024 PDF\GF-EIM-IT-0053-2024---Esp. Tec. Aires Acondicionados-firmado.pdf,516602,1727988061.0,04b62e7cbbcfa89786e03853191f19b7cc78336bedc0d254867384d9e91f01ae,22,74976,"[3255, 4010, 3391, 3698, 3343, 3686, 2772, 3105, 3735, 3195, 3457, 3837, 3894, 4122, 3871, 3642, 3633, 3921, 3150, 2707, 2742, 1741]",
2024,especificacion_compra_instalacion,False,GF-EIM-IT-0024-2024---Esp. Tec. Aires Acondicionados.pdf,C:\Users\marco\OneDrive - Caja Costarricense de Seguro Social\EIMGF\2024\Informes TEC 2024 PDF\GF-EIM-IT-0024-2024---Esp. Tec. Aires Acondicionados.pdf,2024\Informes TEC 2024 PDF\GF-EIM-IT-0024-2024---Esp. Tec. Aires Acondicionados.pdf,465603,1716500257.0,6260822e6c4e93309da05eb66d68ba416db97ff081dd417d7cfd683939a31039,22,74749,"[3249, 4009, 3391, 3698, 3343, 3686, 2772, 3103, 3736, 3195, 3457, 3837, 3894, 4122, 3871, 3642, 3633, 3921, 3138, 2626, 2179, 2182]",
2023,especificacion_compra_instalacion,True,GF-EIM-IT-0001-2023---Esp._Tec._AA_Norte-Firmado.pdf,C:\Users\marco\OneDrive - Caja Costarricense de Seguro Social\EIMGF\2023\Informes TEC 2023 PDF\GF-EIM-IT-0001-2023---Esp._Tec._AA_Norte-Firmado.pdf,2023\Informes TEC 2023 PDF\GF-EIM-IT-0001-2023---Esp._Tec._AA_Norte-Firmado.pdf,1194085,1675203027.0,30e26fae467b799d81855e240dcc3283ea5faef5f5dcfd79b015b2a841a0c321,28,71247,"[2607, 3899, 3243, 3932, 3557, 3328, 3155, 3824, 3900, 4151, 3780, 3617, 3457, 4024, 3325, 2462, 2207, 2166, 2076, 509, 599, 411, 524, 380, 443, 3204, 1918, 469]",
2023,especificacion_mantenimiento,True,GF-EIM-IT-0011-2023-Esp Téc Mante AA Central 17-05-2023-firmado.pdf,C:\Users\marco\OneDrive - Caja Costarricense de Seguro Social\EIMGF\2023\Informes TEC 2023 PDF\GF-EIM-IT-0011-2023-Esp Téc Mante AA Central 17-05-2023-firmado.pdf,2023\Informes TEC 2023 PDF\GF-EIM-IT-0011-2023-Esp Téc Mante AA Central 17-05-2023-firmado.pdf,686808,1684763446.0,a38d56218ebd3eb3f2174cf07bb43dc32785cfddc1f1c0a711657594d9306daa,26,77550,"[2322, 3413, 3000, 3508, 3199, 3677, 3874, 3689, 4167, 3526, 3774, 3730, 3516, 3723, 3292, 2846, 2285, 2130, 666, 2507, 1057, 3637, 2907, 1778, 3176, 1242]",
2023,especificacion_mantenimiento,True,GF-EIM-IT-0020-2023-Esp Téc Mante AA Central 19-06-2023-firmado.pdf,C:\Users\marco\OneDrive - Caja Costarricense de Seguro Social\EIMGF\2023\Informes TEC 2023 PDF\GF-EIM-IT-0020-2023-Esp Téc Mante AA Central 19-06-2023-firmado.pdf,2023\Informes TEC 2023 PDF\GF-EIM-IT-0020-2023-Esp Téc Mante AA Central 19-06-2023-firmado.pdf,688091,1687213974.0,b26216391706e2bb1b4866c454e7c907b624354ec8da57e5f8895354cbbcb641,26,78029,"[2328, 3482, 3147, 3342, 3228, 3774, 3767, 3756, 4032, 3647, 3729, 3568, 3558, 3642, 3604, 2306, 3110, 2130, 666, 2507, 1057, 3637, 2907, 1778, 3176, 1242]",
2023,especificacion_compra_instalacion,True,GF-EIM-IT-0023-2023---Esp. Tec. AA Chorotega-firmado.pdf,C:\Users\marco\OneDrive - Caja Costarricense de Seguro Social\EIMGF\2023\Informes TEC 2023 PDF\GF-EIM-IT-0023-2023---Esp. Tec. AA Chorotega-firmado.pdf,2023\Informes TEC 2023 PDF\GF-EIM-IT-0023-2023---Esp. Tec. AA Chorotega-firmado.pdf,1605601,1688058770.0,9647fb1b54597e840876a17d0ae7da8e9c022925a514cf64c4b5ed45df0ddea9,29,84991,"[2826, 3789, 3405, 3818, 3449, 3730, 3062, 3753, 3446, 3823, 3899, 4187, 3880, 3485, 3409, 3808, 3326, 2503, 2471, 1037, 2231, 2167, 2076, 3215, 1917, 469, 2059, 1786, 1874]",
2023,especificacion_compra_instalacion,True,GF-EIM-IT-0042-2023---Esp. Tec. AA Chorotega-firmado.pdf,C:\Users\marco\OneDrive - Caja Costarricense de Seguro Social\EIMGF\2023\Informes TEC 2023 PDF\GF-EIM-IT-0042-2023---Esp. Tec. AA Chorotega-firmado.pdf,2023\Informes TEC 2023 PDF\GF-EIM-IT-0042-2023---Esp. Tec. AA Chorotega-firmado.pdf,2045228,1694714374.0,407c861080f443cf0581ee6342af7a35fed9ccf2c8c4428af2800671e357aef6,31,91151,"[2824, 3726, 3405, 3802, 3683, 3444, 3125, 3087, 3431, 3442, 3556, 3814, 4024, 3997, 4065, 3147, 3885, 3859, 2943, 2054, 2687, 2700, 2207, 2076, 3215, 1917, 469, 2059, 1786, 1874, 758]",
2023,especificacion_compra_instalacion,True,GF-EIM-IT-0046-2023---Esp. Tec. AA Chorotega-firmado.pdf,C:\Users\marco\OneDrive - Caja Costarricense de Seguro Social\EIMGF\2023\Informes TEC 2023 PDF\GF-EIM-IT-0046-2023---Esp. Tec. AA Chorotega-firmado.pdf,2023\Informes TEC 2023 PDF\GF-EIM-IT-0046-2023---Esp. Tec. AA Chorotega-firmado.pdf,2366082,1696273901.0,0e90483da2bda7805e69b5afc828894e525e535893d667e95d96da827e591dbe,31,85355,"[3015, 3447, 3621, 3635, 3885, 3519, 3074, 3101, 3680, 3264, 3634, 3603, 4096, 4121, 3872, 3325, 3704, 3962, 3217, 2010, 2800, 2791, 2207, 2076, 3216, 1917, 469, 0, 0, 0, 0]",
2023,respuesta_inspeccion_recepcion,True,GF-EIM-RT-0010-2023---Inspección A.A. Norte-firmado.pdf,C:\Users\marco\OneDrive - Caja Costarricense de Seguro Social\EIMGF\2023\Recomendación TEC 2023 PDF\GF-EIM-RT-0010-2023---Inspección A.A. Norte-firmado.pdf,2023\Recomendación TEC 2023 PDF\GF-EIM-RT-0010-2023---Inspección A.A. Norte-firmado.pdf,555285,1684448444.0,39dd1fd7da213aaf05f3987b97c515908cc3c82f0edcd8b3b04c0853482db190,3,5494,"[2937, 1919, 628]",
2023,respuesta_inspeccion_recepcion,True,GF-EIM-RT-0011-2023---Recepción A.A. Norte-firmado.pdf,C:\Users\marco\OneDrive - Caja Costarricense de Seguro Social\EIMGF\2023\Recomendación TEC 2023 PDF\GF-EIM-RT-0011-2023---Recepción A.A. Norte-firmado.pdf,2023\Recomendación TEC 2023 PDF\GF-EIM-RT-0011-2023---Recepción A.A. Norte-firmado.pdf,432897,1685734980.0,684ac853676cc5d80708384a14eb833797c4cff46c9358640990f18145d01c8d,3,4856,"[2926, 1323, 593]",
2022,especificacion_mantenimiento,False,GF-EIM-IT-0007-2022---Esp Téc Mante AA Central 2022.pdf,C:\Users\marco\OneDrive - Caja Costarricense de Seguro Social\EIMGF\2022\Informes TEC 2022 PDF\GF-EIM-IT-0007-2022---Esp Téc Mante AA Central 2022.pdf,2022\Informes TEC 2022 PDF\GF-EIM-IT-0007-2022---Esp Téc Mante AA Central 2022.pdf,705928,1647365658.0,ff0b6a67431b1cad1339967515a7121e113a941188ec632d3ea126741232b709,27,78090,"[2180, 3506, 3216, 3241, 3899, 3951, 3993, 4125, 3393, 3504, 3451, 3561, 3816, 3329, 2578, 1966, 2160, 701, 2633, 882, 3757, 2786, 1441, 2834, 1719, 3359, 1740]",
2022,instalacion,False,GF-EIM-IT-0009-2022-Instalación AA SICERE.pdf,C:\Users\marco\OneDrive - Caja Costarricense de Seguro Social\EIMGF\2022\Informes TEC 2022 PDF\GF-EIM-IT-0009-2022-Instalación AA SICERE.pdf,2022\Informes TEC 2022 PDF\GF-EIM-IT-0009-2022-Instalación AA SICERE.pdf,578933,1648479302.0,b28d646e9e194d7d7f9143d12bc03e151c5babb071ecb0da7eaa6b524d225f2b,15,44796,"[2019, 3249, 3659, 3819, 3845, 3784, 4073, 3744, 3592, 3707, 2478, 1990, 2168, 2090, 522]",
2022,mantenimiento_reparacion,False,GF-EIM-IT-0019-2022-Mantenimiento de Emergencia AA Ciudad Colón.pdf,C:\Users\marco\OneDrive - Caja Costarricense de Seguro Social\EIMGF\2022\Informes TEC 2022 PDF\GF-EIM-IT-0019-2022-Mantenimiento de Emergencia AA Ciudad Colón.pdf,2022\Informes TEC 2022 PDF\GF-EIM-IT-0019-2022-Mantenimiento de Emergencia AA Ciudad Colón.pdf,345890,1653329871.0,1c6606bf597417580afe25113f5fefef8ac3e63e15c8319f7f927e5a6f0eb2e1,12,32037,"[1894, 2663, 3845, 3721, 2906, 2848, 1807, 4088, 2556, 1277, 2825, 1538]",
2022,instalacion,False,GF-EIM-IT-0033-2022-Instalación AA SICERE.pdf,C:\Users\marco\OneDrive - Caja Costarricense de Seguro Social\EIMGF\2022\Informes TEC 2022 PDF\GF-EIM-IT-0033-2022-Instalación AA SICERE.pdf,2022\Informes TEC 2022 PDF\GF-EIM-IT-0033-2022-Instalación AA SICERE.pdf,725346,1659107490.0,964529bb84f2b247bd309391cffc7f190d3bff7a32d56dd16893d0aca57a4080,18,49961,"[2910, 3595, 3771, 3651, 3699, 4119, 3737, 4011, 3501, 2868, 2710, 1218, 2132, 2114, 519, 3163, 1720, 469]",
2022,especificacion_mantenimiento,False,GF-EIM-IT-0038-2022-Esp Téc Mante AA Central 2022-30-08-2022.pdf,C:\Users\marco\OneDrive - Caja Costarricense de Seguro Social\EIMGF\2022\Informes TEC 2022 PDF\GF-EIM-IT-0038-2022-Esp Téc Mante AA Central 2022-30-08-2022.pdf,2022\Informes TEC 2022 PDF\GF-EIM-IT-0038-2022-Esp Téc Mante AA Central 2022-30-08-2022.pdf,627950,1661898300.0,b7b98f713fcf7cd0ed216069bcf0159c7cd843f2467f5f884fbb0ce6bd5cf129,28,80848,"[2324, 3219, 3198, 3562, 3471, 3822, 3615, 3990, 4031, 3672, 3508, 3419, 3852, 3802, 2874, 2884, 1614, 2130, 666, 2507, 1057, 3624, 2907, 1778, 2468, 1481, 3176, 1242]",
2022,especificacion_compra_instalacion,False,GF-EIM-IT-0045-2022---Esp. Téc. AA Norte.pdf,C:\Users\marco\OneDrive - Caja Costarricense de Seguro Social\EIMGF\2022\Informes TEC 2022 PDF\GF-EIM-IT-0045-2022---Esp. Téc. AA Norte.pdf,2022\Informes TEC 2022 PDF\GF-EIM-IT-0045-2022---Esp. Téc. AA Norte.pdf,928459,1666024095.0,f79d8f0f7523cbc7da7987c32337963fb1be507171bccce1c39a65e4d75a9318,24,68296,"[2750, 3383, 3679, 3778, 3159, 3268, 3135, 3726, 4007, 4042, 3790, 3583, 3390, 3855, 3356, 2439, 2162, 2132, 2114, 509, 378, 3204, 1918, 469]",
2021,especificacion_mantenimiento,False,GF-EIM-IT-0007-2021---Esp  Téc  Mante AA Central.pdf,C:\Users\marco\OneDrive - Caja Costarricense de Seguro Social\EIMGF\2021\Informes TEC 2021 PDF\GF-EIM-IT-0007-2021---Esp  Téc  Mante AA Central.pdf,2021\Informes TEC 2021 PDF\GF-EIM-IT-0007-2021---Esp  Téc  Mante AA Central.pdf,637419,1614375525.0,b2b387f900004c23db255e0301cb75ccd535278abca3caa733e123248d5713c7,19,45352,"[1663, 2272, 2745, 2800, 2743, 3003, 2888, 2863, 3350, 3096, 2940, 2869, 2422, 2036, 2215, 1833, 404, 1665, 1280]",
2021,especificacion_mantenimiento,False,GF-EIM-IT-0020-2021---Esp  Téc  Mante AA Atlántico.pdf,C:\Users\marco\OneDrive - Caja Costarricense de Seguro Social\EIMGF\2021\Informes TEC 2021 PDF\GF-EIM-IT-0020-2021---Esp  Téc  Mante AA Atlántico.pdf,2021\Informes TEC 2021 PDF\GF-EIM-IT-0020-2021---Esp  Téc  Mante AA Atlántico.pdf,687177,1622492685.0,a97a3708d926f6a6e89ea3306ac4f3fa0b7b4ec5249185b705bdbc2d98d01874,26,58173,"[1846, 1930, 1667, 2666, 2735, 2808, 3013, 2676, 2830, 3264, 3067, 2978, 2851, 2578, 1813, 2118, 759, 1835, 404, 1668, 1279, 3865, 2113, 1148, 1992, 1963]",
2021,instalacion,False,GF-EIM-IT-0024-2021-Instal. AA. Batán.pdf,C:\Users\marco\OneDrive - Caja Costarricense de Seguro Social\EIMGF\2021\Informes TEC 2021 PDF\GF-EIM-IT-0024-2021-Instal. AA. Batán.pdf,2021\Informes TEC 2021 PDF\GF-EIM-IT-0024-2021-Instal. AA. Batán.pdf,436010,1626301264.0,0dc529dd6dbe2756ceb31c02b48861ddb8e7f40bf00bbefe73c953a1662ebdc6,10,32225,"[1865, 3307, 3123, 3217, 3583, 3731, 3677, 3658, 3245, 2768]",
2021,mantenimiento_reparacion,False,GF-EIM-IT-0028-2021-Reparación AA. Atenas.pdf,C:\Users\marco\OneDrive - Caja Costarricense de Seguro Social\EIMGF\2021\Informes TEC 2021 PDF\GF-EIM-IT-0028-2021-Reparación AA. Atenas.pdf,2021\Informes TEC 2021 PDF\GF-EIM-IT-0028-2021-Reparación AA. Atenas.pdf,640221,1629729148.0,27607c16d21636ae340e1a37c8d418589031178914fa95407c79a11491f30331,11,32502,"[2077, 3408, 3603, 3433, 3505, 3838, 3616, 3531, 3430, 1508, 502]",
2021,especificacion_mantenimiento,False,GF-EIM-IT-0029-2021---Esp Téc Mante AA Chorotega 1401.pdf,C:\Users\marco\OneDrive - Caja Costarricense de Seguro Social\EIMGF\2021\Informes TEC 2021 PDF\GF-EIM-IT-0029-2021---Esp Téc Mante AA Chorotega 1401.pdf,2021\Informes TEC 2021 PDF\GF-EIM-IT-0029-2021---Esp Téc Mante AA Chorotega 1401.pdf,694883,1629740952.0,82a69360b5b466e7295e9f4a1ab496204e584e0b0887fd241e306016fbb4f6e3,27,65210,"[1649, 2776, 2737, 2360, 3197, 3025, 2881, 3116, 3309, 3026, 2900, 2663, 2854, 3005, 3036, 2168, 1943, 2035, 1831, 404, 1656, 1277, 3850, 2108, 1148, 1988, 1964]",
2021,mantenimiento_reparacion,False,GF-EIM-IT-0036-2021-Reparación AA. Atenas - 2º opción.pdf,C:\Users\marco\OneDrive - Caja Costarricense de Seguro Social\EIMGF\2021\Informes TEC 2021 PDF\GF-EIM-IT-0036-2021-Reparación AA. Atenas - 2º opción.pdf,2021\Informes TEC 2021 PDF\GF-EIM-IT-0036-2021-Reparación AA. Atenas - 2º opción.pdf,738304,1636047930.0,d205ef6417d3c722f03f9c24105b4681c48a2566f72124daa919528b31803411,12,33018,"[1854, 3478, 2903, 3375, 3650, 3729, 3675, 3655, 3241, 2712, 350, 343]",
2021,aclaracion_modificacion,False,GF-EIM-N-0007-2021-Ampliación A.A. Atlántica.pdf,C:\Users\marco\OneDrive - Caja Costarricense de Seguro Social\EIMGF\2021\Notas 2021 PDF\GF-EIM-N-0007-2021-Ampliación A.A. Atlántica.pdf,2021\Notas 2021 PDF\GF-EIM-N-0007-2021-Ampliación A.A. Atlántica.pdf,146105,1615916397.0,eb94a2fd244fc0a40cd74f2da635bd0b9159cd154c61f3a7590653ff234e9d72,2,3432,"[2124, 1299]",
2021,aclaracion_modificacion,False,GF-EIM-N-0008-2021-Ampliación A.A. Atlántica.pdf,C:\Users\marco\OneDrive - Caja Costarricense de Seguro Social\EIMGF\2021\Notas 2021 PDF\GF-EIM-N-0008-2021-Ampliación A.A. Atlántica.pdf,2021\Notas 2021 PDF\GF-EIM-N-0008-2021-Ampliación A.A. Atlántica.pdf,145576,1616169091.0,ac3fa954a9e0d871d33523832c4b28d94f2af0475b43113105a85c2a6847f598,2,3423,"[2116, 1298]",
2021,aclaracion_modificacion,False,GF-EIM-N-0009-2021-Ampliación A.A. Equipos.pdf,C:\Users\marco\OneDrive - Caja Costarricense de Seguro Social\EIMGF\2021\Notas 2021 PDF\GF-EIM-N-0009-2021-Ampliación A.A. Equipos.pdf,2021\Notas 2021 PDF\GF-EIM-N-0009-2021-Ampliación A.A. Equipos.pdf,141038,1616510802.0,53ec617e14c782e71a608c3e569b1119275dba4fc8c8d4dc76b890aad98b787e,1,2148,[2145],
2021,aclaracion_modificacion,False,GF-EIM-N-0024-2021- Nota Aclaratoria Mante AA Chorotega.pdf,C:\Users\marco\OneDrive - Caja Costarricense de Seguro Social\EIMGF\2021\Notas 2021 PDF\GF-EIM-N-0024-2021- Nota Aclaratoria Mante AA Chorotega.pdf,2021\Notas 2021 PDF\GF-EIM-N-0024-2021- Nota Aclaratoria Mante AA Chorotega.pdf,196202,1633728290.0,c169a5593d02ce74f06add858375f2fac23f243616b613f599ec0f878cb2df31,2,3723,"[2284, 1430]",
2021,mantenimiento_reparacion,False,GF-EIM-RT-0005-2021-Mante Aires Acondicionados Chorotega.pdf,C:\Users\marco\OneDrive - Caja Costarricense de Seguro Social\EIMGF\2021\Recomendación TEC 2021 PDF\GF-EIM-RT-0005-2021-Mante Aires Acondicionados Chorotega.pdf,2021\Recomendación TEC 2021 PDF\GF-EIM-RT-0005-2021-Mante Aires Acondicionados Chorotega.pdf,261113,1635870525.0,f96420e5c06b32611bacdfc9115c6610a539d89d09c360b4737b95d2bfa845b8,2,3446,"[2683, 753]",
2021,mantenimiento_reparacion,False,GF-EIM-RT-0007-2021-Mante Aires Acondicionados Chorotega - Evaluación.pdf,C:\Users\marco\OneDrive - Caja Costarricense de Seguro Social\EIMGF\2021\Recomendación TEC 2021 PDF\GF-EIM-RT-0007-2021-Mante Aires Acondicionados Chorotega - Evaluación.pdf,2021\Recomendación TEC 2021 PDF\GF-EIM-RT-0007-2021-Mante Aires Acondicionados Chorotega - Evaluación.pdf,433927,1637171568.0,91637616b905693e54571959d9750f3a4a79a7d90198313063b6057219e4bf81,4,6018,"[2170, 1635, 346, 1839]",
2021,instalacion,False,GF-EIM-RT-0008-2021-Tuberías A.A. Atenas.pdf,C:\Users\marco\OneDrive - Caja Costarricense de Seguro Social\EIMGF\2021\Recomendación TEC 2021 PDF\GF-EIM-RT-0008-2021-Tuberías A.A. Atenas.pdf,2021\Recomendación TEC 2021 PDF\GF-EIM-RT-0008-2021-Tuberías A.A. Atenas.pdf,241984,1637346484.0,92d44bfb1352a1975be9595e9cb7c7055435e53d8fd6064a5f186ead3225793d,1,1775,[1770],
2020,respuesta_inspeccion_recepcion,False,Acta de Recepción- A.A. 27 de Abril.pdf,C:\Users\marco\OneDrive - Caja Costarricense de Seguro Social\EIMGF\2020\07 ACTAS\Acta de Recepción- A.A. 27 de Abril.pdf,2020\07 ACTAS\Acta de Recepción- A.A. 27 de Abril.pdf,717166,1605588498.0,063ab7dd701eedd0cddbab2870944561b2f2ce4d0306b5f6aa8889c693e85d49,1,0,[0],
2020,respuesta_inspeccion_recepcion,False,Acta de Recepción- A.A. Limón.pdf,C:\Users\marco\OneDrive - Caja Costarricense de Seguro Social\EIMGF\2020\07 ACTAS\Acta de Recepción- A.A. Limón.pdf,2020\07 ACTAS\Acta de Recepción- A.A. Limón.pdf,700113,1605560867.0,6238b8caf62fdf75d507f6a4e30307e6f8d72b6f90e96b9549961ea0c75f0fb9,1,0,[0],
2020,respuesta_inspeccion_recepcion,False,Acta de Recepción- A.A. Puntarenas.pdf,C:\Users\marco\OneDrive - Caja Costarricense de Seguro Social\EIMGF\2020\07 ACTAS\Acta de Recepción- A.A. Puntarenas.pdf,2020\07 ACTAS\Acta de Recepción- A.A. Puntarenas.pdf,834838,1605560926.0,27ece754278a007a167899893b0718e96e251bf1e2052db12630610916126178,1,0,[0],
2020,respuesta_inspeccion_recepcion,False,Acta de Recepción- A.A. Río Frío.pdf,C:\Users\marco\OneDrive - Caja Costarricense de Seguro Social\EIMGF\2020\07 ACTAS\Acta de Recepción- A.A. Río Frío.pdf,2020\07 ACTAS\Acta de Recepción- A.A. Río Frío.pdf,666128,1605561007.0,1a70afdbe450f9e323b33ad36003f69d34d0341db69a01ad66f79352d6f857a5,1,0,[0],
2020,respuesta_inspeccion_recepcion,False,Acta de Recepción- A.A. Santa Cruz.pdf,C:\Users\marco\OneDrive - Caja Costarricense de Seguro Social\EIMGF\2020\07 ACTAS\Acta de Recepción- A.A. Santa Cruz.pdf,2020\07 ACTAS\Acta de Recepción- A.A. Santa Cruz.pdf,718773,1605560411.0,1ce5537350f61441b0f9da35ec01328568dd77cb521dc99d1a36ef3bafed44f0,1,0,[0],
2020,respuesta_inspeccion_recepcion,False,Acta de Recepción- A.A. Siquirres.pdf,C:\Users\marco\OneDrive - Caja Costarricense de Seguro Social\EIMGF\2020\07 ACTAS\Acta de Recepción- A.A. Siquirres.pdf,2020\07 ACTAS\Acta de Recepción- A.A. Siquirres.pdf,786021,1605560721.0,25745e48f21a618cce2f650e3d887bd69dabc8b700eb8dd9c7c8c07860b5f8d8,1,0,[0],
2020,respuesta_inspeccion_recepcion,False,Actas Recepción A.A. 2020LA-000001-1401.pdf,C:\Users\marco\OneDrive - Caja Costarricense de Seguro Social\EIMGF\2020\07 ACTAS\Actas Recepción A.A. 2020LA-000001-1401.pdf,2020\07 ACTAS\Actas Recepción A.A. 2020LA-000001-1401.pdf,397008,1600187940.0,ebb01c9be60fb4048ee35471c31cfad34054ea4cc987bbd3835878400316bac0,6,10,"[0, 0, 0, 0, 0, 0]",
2020,aclaracion_modificacion,False,EIM-GF-002-2020-N---Ampliación de Aires Acondicionados Atlantica.pdf,C:\Users\marco\OneDrive - Caja Costarricense de Seguro Social\EIMGF\2020\04 DOCUMENTOS PDF 2020\NOTAS PDF 2020\EIM-GF-002-2020-N---Ampliación de Aires Acondicionados Atlantica.pdf,2020\04 DOCUMENTOS PDF 2020\NOTAS PDF 2020\EIM-GF-002-2020-N---Ampliación de Aires Acondicionados Atlantica.pdf,220135,1582209998.0,8e6e9a86d6591ccd67dc3a8babb5fbafa0d08107c447166f93528dcd2207dff8,1,1875,[1871],
2020,especificacion_compra_instalacion,False,EIM-GF-011-2020-IT---Esp. Téc. AA Chorotega.pdf,C:\Users\marco\OneDrive - Caja Costarricense de Seguro Social\EIMGF\2020\04 DOCUMENTOS PDF 2020\INFORMES PDF 2020\EIM-GF-011-2020-IT---Esp. Téc. AA Chorotega.pdf,2020\04 DOCUMENTOS PDF 2020\INFORMES PDF 2020\EIM-GF-011-2020-IT---Esp. Téc. AA Chorotega.pdf,579670,1585144525.0,094460a5e4ca9c74fb065311f39fffc9211d1135c0e3cd99a1301ca1f002cea8,28,79789,"[802, 2864, 2462, 3566, 3440, 3370, 3003, 2728, 2995, 3199, 2705, 3656, 3506, 3120, 3148, 3313, 3189, 3020, 3057, 3747, 3377, 3615, 3334, 2610, 1915, 509, 1723, 1464]",
2020,respuesta_inspeccion_recepcion,False,GF-EIM-IT-0023-2020-RECEPCIÓN INST. AA Atlántica.pdf,C:\Users\marco\OneDrive - Caja Costarricense de Seguro Social\EIMGF\2020\04 DOCUMENTOS PDF 2020\INFORMES PDF 2020\GF-EIM-IT-0023-2020-RECEPCIÓN INST. AA Atlántica.pdf,2020\04 DOCUMENTOS PDF 2020\INFORMES PDF 2020\GF-EIM-IT-0023-2020-RECEPCIÓN INST. AA Atlántica.pdf,322522,1590089520.0,a398374554d42737b1b5f572a648255d56e3a7a47709808c1b59a0f2de4a01d2,4,5236,"[667, 2525, 802, 1213]",
2020,especificacion_compra_instalacion,False,GF-EIM-IT-0024-2020---Esp. Téc. AA Atlántica.pdf,C:\Users\marco\OneDrive - Caja Costarricense de Seguro Social\EIMGF\2020\04 DOCUMENTOS PDF 2020\INFORMES PDF 2020\GF-EIM-IT-0024-2020---Esp. Téc. AA Atlántica.pdf,2020\04 DOCUMENTOS PDF 2020\INFORMES PDF 2020\GF-EIM-IT-0024-2020---Esp. Téc. AA Atlántica.pdf,1290344,1591377757.0,df0592c16345c8d6e42f87b497d4cc622b57686eaceae33b0bc1a4028acd2ed5,32,81473,"[729, 2955, 2467, 2561, 3376, 3244, 3576, 2938, 2859, 2857, 3033, 2889, 3599, 3387, 3065, 3395, 3268, 3312, 2945, 3357, 3915, 3741, 3507, 3118, 620, 1828, 402, 1704, 1281, 143, 151, 893]",
2020,especificacion_compra_instalacion,False,GF-EIM-IT-0031-2020---Esp. Téc. AA Atlántica.pdf,C:\Users\marco\OneDrive - Caja Costarricense de Seguro Social\EIMGF\2020\04 DOCUMENTOS PDF 2020\INFORMES PDF 2020\GF-EIM-IT-0031-2020---Esp. Téc. AA Atlántica.pdf,2020\04 DOCUMENTOS PDF 2020\INFORMES PDF 2020\GF-EIM-IT-0031-2020---Esp. Téc. AA Atlántica.pdf,710403,1593106336.0,1209be609e0010632a5a423a1297639a966be32fd11423a9138ba8f1612e28bf,31,88193,"[722, 2899, 2708, 3089, 3471, 3255, 3768, 2991, 2852, 2933, 3256, 3015, 3441, 3309, 3148, 3607, 3431, 3108, 3050, 3376, 3938, 3766, 3531, 3258, 1758, 2792, 2134, 1829, 402, 1706, 1283]",
2020,especificacion_compra_instalacion,False,GF-EIM-N-0016-2020----Aclaraciones Esp. Tec. AA Atlántica.pdf,C:\Users\marco\OneDrive - Caja Costarricense de Seguro Social\EIMGF\2020\04 DOCUMENTOS PDF 2020\NOTAS PDF 2020\GF-EIM-N-0016-2020----Aclaraciones Esp. Tec. AA Atlántica.pdf,2020\04 DOCUMENTOS PDF 2020\NOTAS PDF 2020\GF-EIM-N-0016-2020----Aclaraciones Esp. Tec. AA Atlántica.pdf,234383,1593115815.0,e5c1af8ed90ea47988ec08e0bd1ddf4eee33a3774148f1d09551e622d2b5be44,1,1927,[1924],
2020,respuesta_inspeccion_recepcion,False,GF-EIM-N-0025-2020---Visita de campo AA Atlántica.pdf,C:\Users\marco\OneDrive - Caja Costarricense de Seguro Social\EIMGF\2020\04 DOCUMENTOS PDF 2020\NOTAS PDF 2020\GF-EIM-N-0025-2020---Visita de campo AA Atlántica.pdf,2020\04 DOCUMENTOS PDF 2020\NOTAS PDF 2020\GF-EIM-N-0025-2020---Visita de campo AA Atlántica.pdf,195496,1595277838.0,887d93c57f5d7d7d1d451f6dbef07cc07d52a40a042b40fa71003c5b63ae5724,2,3088,"[2232, 841]",
2019,especificacion_compra_instalacion,False,EIM-GF-001-2019-IT---Esp. Téc. AA Puriscal.pdf,C:\Users\marco\OneDrive - Caja Costarricense de Seguro Social\EIMGF\2019\04 DOCUMENTOS PDF 2019\INFORMES PDF 2019\EIM-GF-001-2019-IT---Esp. Téc. AA Puriscal.pdf,2019\04 DOCUMENTOS PDF 2019\INFORMES PDF 2019\EIM-GF-001-2019-IT---Esp. Téc. AA Puriscal.pdf,610164,1548341091.0,ac20c1389d1dbaf396362a8730818578b56eaca8f063b572c3a9882ea41d4dad,14,41442,"[811, 2068, 3280, 3420, 2888, 3336, 2652, 3602, 3297, 3713, 3592, 3723, 3291, 1696]",
2019,respuesta_inspeccion_recepcion,False,EIM-GF-0012-2019-N---Respuesta Consultas AA Atlánti....pdf,C:\Users\marco\OneDrive - Caja Costarricense de Seguro Social\EIMGF\2019\04 DOCUMENTOS PDF 2019\NOTAS PDF 2019\EIM-GF-0012-2019-N---Respuesta Consultas AA Atlánti....pdf,2019\04 DOCUMENTOS PDF 2019\NOTAS PDF 2019\EIM-GF-0012-2019-N---Respuesta Consultas AA Atlánti....pdf,628195,1560373493.0,aecd1b113a9d37d22570a6bf6575d650be85397ea5d981ef153683d8aaf7761d,3,9098,"[2873, 3367, 2840]",
2019,respuesta_inspeccion_recepcion,False,EIM-GF-0019-2019-N---Visita de campo AA Atlántica.pdf,C:\Users\marco\OneDrive - Caja Costarricense de Seguro Social\EIMGF\2019\04 DOCUMENTOS PDF 2019\NOTAS PDF 2019\EIM-GF-0019-2019-N---Visita de campo AA Atlántica.pdf,2019\04 DOCUMENTOS PDF 2019\NOTAS PDF 2019\EIM-GF-0019-2019-N---Visita de campo AA Atlántica.pdf,448849,1564152890.0,0fec6e19675625a3aafbb40673cde7f51dd6f9592f8223dd5d7701fa9f0e93b2,2,3544,"[2615, 921]",
2019,aclaracion_modificacion,False,EIM-GF-0033-2019-N---Aclaraciones AA San Rafael.pdf,C:\Users\marco\OneDrive - Caja Costarricense de Seguro Social\EIMGF\2019\04 DOCUMENTOS PDF 2019\NOTAS PDF 2019\EIM-GF-0033-2019-N---Aclaraciones AA San Rafael.pdf,2019\04 DOCUMENTOS PDF 2019\NOTAS PDF 2019\EIM-GF-0033-2019-N---Aclaraciones AA San Rafael.pdf,412684,1573588323.0,7d8b85343d6b20e2a0966347fbffc30defb39e1c24da10991e825c9186f00837,1,1297,[1293],
2019,aclaracion_modificacion,False,EIM-GF-01-2019-RT---Ampliación AA Chorotega.pdf,C:\Users\marco\OneDrive - Caja Costarricense de Seguro Social\EIMGF\2019\04 DOCUMENTOS PDF 2019\Recomendación Técnica 2019\EIM-GF-01-2019-RT---Ampliación AA Chorotega.pdf,2019\04 DOCUMENTOS PDF 2019\Recomendación Técnica 2019\EIM-GF-01-2019-RT---Ampliación AA Chorotega.pdf,472728,1551293748.0,32b773dffeb8299cd4c8907061d1665294d98cf858347db1373632d44edd1d32,2,4085,"[2327, 1748]",
2019,especificacion_compra_instalacion,False,EIM-GF-014-2019-IT---Esp. Téc. AA Atlántica.pdf,C:\Users\marco\OneDrive - Caja Costarricense de Seguro Social\EIMGF\2019\04 DOCUMENTOS PDF 2019\INFORMES PDF 2019\EIM-GF-014-2019-IT---Esp. Téc. AA Atlántica.pdf,2019\04 DOCUMENTOS PDF 2019\INFORMES PDF 2019\EIM-GF-014-2019-IT---Esp. Téc. AA Atlántica.pdf,1407556,1559681516.0,f7838ba64accd1fd2e7715101bf63d44d2f6d898b3f2bfca1371fda9ec586698,22,53059,"[789, 2829, 1941, 2739, 3610, 3488, 3568, 2977, 2815, 3044, 3245, 3204, 3224, 3937, 3608, 3583, 3088, 638, 143, 152, 159, 175]",
2019,especificacion_mantenimiento,False,EIM-GF-016-2019-IT---Esp. Téc. Mante AA Atlántica.pdf,C:\Users\marco\OneDrive - Caja Costarricense de Seguro Social\EIMGF\2019\04 DOCUMENTOS PDF 2019\INFORMES PDF 2019\EIM-GF-016-2019-IT---Esp. Téc. Mante AA Atlántica.pdf,2019\04 DOCUMENTOS PDF 2019\INFORMES PDF 2019\EIM-GF-016-2019-IT---Esp. Téc. Mante AA Atlántica.pdf,807586,1560893249.0,f1ac128fcf35fd66e7c10f94d688aa111b2a7898ac85deaef272abee724d5ab7,15,36772,"[806, 2434, 2881, 3014, 3614, 3557, 3369, 3326, 3462, 2915, 1615, 1871, 499, 1669, 1455]",
2019,especificacion_compra_instalacion,False,EIM-GF-021-2019-IT---Esp. Téc. AA Atlántica.pdf,C:\Users\marco\OneDrive - Caja Costarricense de Seguro Social\EIMGF\2019\04 DOCUMENTOS PDF 2019\INFORMES PDF 2019\EIM-GF-021-2019-IT---Esp. Téc. AA Atlántica.pdf,2019\04 DOCUMENTOS PDF 2019\INFORMES PDF 2019\EIM-GF-021-2019-IT---Esp. Téc. AA Atlántica.pdf,1406660,1562878493.0,8ca569822aac9682df47e2ee3034a6f7f14fc993aca5dc7bff2321cd950e2edc,22,52598,"[790, 2769, 1852, 2564, 3656, 3393, 3480, 2978, 2818, 3044, 3241, 3202, 3226, 3933, 3604, 3588, 3091, 638, 143, 152, 159, 175]",
2019,respuesta_inspeccion_recepcion,False,EIM-GF-047-2019-IT---RECEPCIÓN INST. AA Central.pdf,C:\Users\marco\OneDrive - Caja Costarricense de Seguro Social\EIMGF\2019\04 DOCUMENTOS PDF 2019\INFORMES PDF 2019\EIM-GF-047-2019-IT---RECEPCIÓN INST. AA Central.pdf,2019\04 DOCUMENTOS PDF 2019\INFORMES PDF 2019\EIM-GF-047-2019-IT---RECEPCIÓN INST. AA Central.pdf,328724,1574283974.0,2b8e2fba49fc27ca417b4014aa8f81decb3652fe6c8e41e009e982202e64f84f,2,3753,"[808, 2935]",
2019,respuesta_inspeccion_recepcion,False,EIM-GF-051-2019-IT---RECEPCIÓN INST. AA Atlántica.pdf,C:\Users\marco\OneDrive - Caja Costarricense de Seguro Social\EIMGF\2019\04 DOCUMENTOS PDF 2019\INFORMES PDF 2019\EIM-GF-051-2019-IT---RECEPCIÓN INST. AA Atlántica.pdf,2019\04 DOCUMENTOS PDF 2019\INFORMES PDF 2019\EIM-GF-051-2019-IT---RECEPCIÓN INST. AA Atlántica.pdf,327970,1575385609.0,b7af77af7267581a5f34bbf0ed25f9994fddcff060cb27df20b776a69e3f09ce,2,2664,"[790, 1864]",
2019,especificacion_mantenimiento,False,EIM-GF-052-2019-IT---Esp  Téc  Mante AA Central.pdf,C:\Users\marco\OneDrive - Caja Costarricense de Seguro Social\EIMGF\2019\04 DOCUMENTOS PDF 2019\INFORMES PDF 2019\EIM-GF-052-2019-IT---Esp  Téc  Mante AA Central.pdf,2019\04 DOCUMENTOS PDF 2019\INFORMES PDF 2019\EIM-GF-052-2019-IT---Esp  Téc  Mante AA Central.pdf,942693,1575999608.0,b2da0ef9f3c38b6e5bca5a08da3a7ae203a891153eee1f2e0a4d849abc0d13d6,16,40342,"[821, 2677, 2081, 3071, 3068, 3558, 3345, 3356, 3679, 3374, 3180, 2327, 1904, 497, 1664, 1452]",
2018,especificacion_compra_instalacion,False,EIM-GF-0001-2018-IT---Esp. Téc. AA DRSHA-FD-MVM.pdf,C:\Users\marco\OneDrive - Caja Costarricense de Seguro Social\EIMGF\2018\04 DOCUMENTOS PDF 2018\INFORMES PDF 2018\EIM-GF-0001-2018-IT---Esp. Téc. AA DRSHA-FD-MVM.pdf,2018\04 DOCUMENTOS PDF 2018\INFORMES PDF 2018\EIM-GF-0001-2018-IT---Esp. Téc. AA DRSHA-FD-MVM.pdf,1133972,1517432178.0,2e8f5388fcab44429ee73bcb5bbc0abe515da0b10b1166ec5fa9c020da085f06,18,46229,"[805, 2608, 2740, 3611, 3516, 2976, 2851, 2818, 3290, 3308, 3401, 3913, 3501, 3513, 2778, 172, 172, 174]",
2018,especificacion_compra_instalacion,False,EIM-GF-0003-2018-IT---Esp. Téc. AA Puriscal y Heredia.pdf,C:\Users\marco\OneDrive - Caja Costarricense de Seguro Social\EIMGF\2018\04 DOCUMENTOS PDF 2018\INFORMES PDF 2018\EIM-GF-0003-2018-IT---Esp. Téc. AA Puriscal y Heredia.pdf,2018\04 DOCUMENTOS PDF 2018\INFORMES PDF 2018\EIM-GF-0003-2018-IT---Esp. Téc. AA Puriscal y Heredia.pdf,645310,1521665904.0,2b4942a51c174419b9ed183133c8ca6082940fbd15318a5adfb821c12ff29360,14,42856,"[839, 2447, 3280, 3441, 3052, 2998, 2951, 3168, 3335, 3401, 3909, 3517, 3457, 2988]",
2018,aclaracion_modificacion,False,EIM-GF-0003-2018-N---Aclaración a Cartel AA DRSHA.pdf,C:\Users\marco\OneDrive - Caja Costarricense de Seguro Social\EIMGF\2018\04 DOCUMENTOS PDF 2018\NOTAS PDF 2018\EIM-GF-0003-2018-N---Aclaración a Cartel AA DRSHA.pdf,2018\04 DOCUMENTOS PDF 2018\NOTAS PDF 2018\EIM-GF-0003-2018-N---Aclaración a Cartel AA DRSHA.pdf,296657,1519230806.0,d0030b2f6662bbb08278658fe87f52931046e6afa94b1c26926cbb0faeb66c9e,1,992,[988],
2018,aclaracion_modificacion,False,EIM-GF-0004-2018-N---2da Aclaración a Cartel AA DRSHA.pdf,C:\Users\marco\OneDrive - Caja Costarricense de Seguro Social\EIMGF\2018\04 DOCUMENTOS PDF 2018\NOTAS PDF 2018\EIM-GF-0004-2018-N---2da Aclaración a Cartel AA DRSHA.pdf,2018\04 DOCUMENTOS PDF 2018\NOTAS PDF 2018\EIM-GF-0004-2018-N---2da Aclaración a Cartel AA DRSHA.pdf,298765,1519662052.0,9936ec289d9ccea5faa89b17732d91f96154f579a9806ca97a9f9414e9aec2ca,1,1418,[1415],
2018,aclaracion_modificacion,False,EIM-GF-0005-2018-N---Ampliación de Aires Acondicionados Chorotega.pdf,C:\Users\marco\OneDrive - Caja Costarricense de Seguro Social\EIMGF\2018\04 DOCUMENTOS PDF 2018\NOTAS PDF 2018\EIM-GF-0005-2018-N---Ampliación de Aires Acondicionados Chorotega.pdf,2018\04 DOCUMENTOS PDF 2018\NOTAS PDF 2018\EIM-GF-0005-2018-N---Ampliación de Aires Acondicionados Chorotega.pdf,389736,1520601492.0,da4245363d599f60ea50198a5080788e683af86a59a0cd648cac1879e924b316,1,1914,[1910],
2018,aclaracion_modificacion,False,EIM-GF-0008-2018-N---Aclaración AA Central.pdf,C:\Users\marco\OneDrive - Caja Costarricense de Seguro Social\EIMGF\2018\04 DOCUMENTOS PDF 2018\NOTAS PDF 2018\EIM-GF-0008-2018-N---Aclaración AA Central.pdf,2018\04 DOCUMENTOS PDF 2018\NOTAS PDF 2018\EIM-GF-0008-2018-N---Aclaración AA Central.pdf,436975,1530042436.0,4dffb3bc6a511dedbcec6d1f9ea921d92b8245dc42c4066addd594a9e2bd0ef7,1,1620,[1616],
2018,especificacion_compra_instalacion,False,EIM-GF-0010-2018-IT---Esp. Téc. San Rafael A.A..pdf,C:\Users\marco\OneDrive - Caja Costarricense de Seguro Social\EIMGF\2018\04 DOCUMENTOS PDF 2018\INFORMES PDF 2018\EIM-GF-0010-2018-IT---Esp. Téc. San Rafael A.A..pdf,2018\04 DOCUMENTOS PDF 2018\INFORMES PDF 2018\EIM-GF-0010-2018-IT---Esp. Téc. San Rafael A.A..pdf,539626,1528486824.0,447ac774a8d28bb21e79675efc14a3c9b103619affff5d3516f28aa5bd994d02,14,41212,"[751, 3361, 3420, 3005, 2965, 2826, 3087, 3388, 3145, 3803, 3542, 3596, 3306, 945]",
2018,especificacion_compra_instalacion,False,EIM-GF-0015-2018-N---Aclaración a Esp. Tec. AA DRSCH por Visita.pdf,C:\Users\marco\OneDrive - Caja Costarricense de Seguro Social\EIMGF\2018\04 DOCUMENTOS PDF 2018\NOTAS PDF 2018\EIM-GF-0015-2018-N---Aclaración a Esp. Tec. AA DRSCH por Visita.pdf,2018\04 DOCUMENTOS PDF 2018\NOTAS PDF 2018\EIM-GF-0015-2018-N---Aclaración a Esp. Tec. AA DRSCH por Visita.pdf,1397095,1535406098.0,eb9bba1228e9060c55e9e3f48dcd578c01f9d68232cec0cef85b831067e06ca3,11,12741,"[1979, 1976, 2296, 2191, 1908, 1310, 207, 208, 210, 207, 208]",
2018,especificacion_compra_instalacion,False,EIM-GF-0020-2018-IT---Esp. Téc. AA C.G.I..pdf,C:\Users\marco\OneDrive - Caja Costarricense de Seguro Social\EIMGF\2018\04 DOCUMENTOS PDF 2018\INFORMES PDF 2018\EIM-GF-0020-2018-IT---Esp. Téc. AA C.G.I..pdf,2018\04 DOCUMENTOS PDF 2018\INFORMES PDF 2018\EIM-GF-0020-2018-IT---Esp. Téc. AA C.G.I..pdf,721054,1530039400.0,de7cbcb0215115602daf69b671da5236462a6efb7e776d11fc9308b0da05fc08,15,42789,"[771, 2867, 3341, 3293, 2921, 3073, 2874, 3141, 3360, 3482, 3807, 3583, 3225, 2766, 213]",
2018,respuesta_inspeccion_recepcion,False,EIM-GF-0021-2018-IT---RECEPCIÓN INST. AA DRSHA.pdf,C:\Users\marco\OneDrive - Caja Costarricense de Seguro Social\EIMGF\2018\04 DOCUMENTOS PDF 2018\INFORMES PDF 2018\EIM-GF-0021-2018-IT---RECEPCIÓN INST. AA DRSHA.pdf,2018\04 DOCUMENTOS PDF 2018\INFORMES PDF 2018\EIM-GF-0021-2018-IT---RECEPCIÓN INST. AA DRSHA.pdf,328793,1530044078.0,4dd9f31abb4a9fb38e478cbc68eee5ea755efd1037586ddc84a112c552049e5c,2,2731,"[779, 1942]",
2018,aclaracion_modificacion,False,EIM-GF-0021-2018-N---Aclaración AA Central -2.pdf,C:\Users\marco\OneDrive - Caja Costarricense de Seguro Social\EIMGF\2018\04 DOCUMENTOS PDF 2018\NOTAS PDF 2018\EIM-GF-0021-2018-N---Aclaración AA Central -2.pdf,2018\04 DOCUMENTOS PDF 2018\NOTAS PDF 2018\EIM-GF-0021-2018-N---Aclaración AA Central -2.pdf,432264,1535722578.0,227397fb0f085a70b66d5a839f4a3bdd525b0f159d3eca56c6b369b05c0646e3,1,1268,[1264],
2018,especificacion_compra_instalacion,False,EIM-GF-0023-2018-IT---Esp. Téc. AA Chorotega.pdf,C:\Users\marco\OneDrive - Caja Costarricense de Seguro Social\EIMGF\2018\04 DOCUMENTOS PDF 2018\INFORMES PDF 2018\EIM-GF-0023-2018-IT---Esp. Téc. AA Chorotega.pdf,2018\04 DOCUMENTOS PDF 2018\INFORMES PDF 2018\EIM-GF-0023-2018-IT---Esp. Téc. AA Chorotega.pdf,1451179,1530651765.0,67095de3f8d1a3c17c06b0506f327b9250ab99211a483d60df6f1115e6ab3891,23,52917,"[803, 2846, 2245, 1790, 2883, 3675, 3309, 3070, 3013, 3047, 2893, 3558, 3389, 3811, 3569, 3599, 3438, 929, 190, 190, 190, 190, 190]",
2018,respuesta_inspeccion_recepcion,False,EIM-GF-0031-2018-IT---RECEPCIÓN INST. AA Guácimo y Río Frio.pdf,C:\Users\marco\OneDrive - Caja Costarricense de Seguro Social\EIMGF\2018\04 DOCUMENTOS PDF 2018\INFORMES PDF 2018\EIM-GF-0031-2018-IT---RECEPCIÓN INST. AA Guácimo y Río Frio.pdf,2018\04 DOCUMENTOS PDF 2018\INFORMES PDF 2018\EIM-GF-0031-2018-IT---RECEPCIÓN INST. AA Guácimo y Río Frio.pdf,421172,1542395526.0,fe9475ef819447c5e056b21bb11718224a16668b7ce1cb16a2d14fb5ebf1860d,5,7440,"[783, 2377, 666, 3447, 136]",
2018,respuesta_inspeccion_recepcion,False,EIM-GF-0033-2018-IT---RECEPCIÓN INST. AA Heredia.pdf,C:\Users\marco\OneDrive - Caja Costarricense de Seguro Social\EIMGF\2018\04 DOCUMENTOS PDF 2018\INFORMES PDF 2018\EIM-GF-0033-2018-IT---RECEPCIÓN INST. AA Heredia.pdf,2018\04 DOCUMENTOS PDF 2018\INFORMES PDF 2018\EIM-GF-0033-2018-IT---RECEPCIÓN INST. AA Heredia.pdf,327983,1543268756.0,868b5b83b88a7f234a3c7cd362536caf0018be5050d22efd91ee85b0f2f898c5,2,2354,"[757, 1587]",
2017,especificacion_compra_instalacion,False,EIM-GF-0001-2017-IT---Esp. Téc. AA Turrialba.pdf,C:\Users\marco\OneDrive - Caja Costarricense de Seguro Social\EIMGF\2017\04 DOCUMENTOS PDF 2017\INFORMES PDF 2017\EIM-GF-0001-2017-IT---Esp. Téc. AA Turrialba.pdf,2017\04 DOCUMENTOS PDF 2017\INFORMES PDF 2017\EIM-GF-0001-2017-IT---Esp. Téc. AA Turrialba.pdf,2158063,1484943343.0,337971e95bb2235a66fe72756374b7b4641c634feeab442d162020d7d98f370b,26,1100,"[0, 0, 0, 0, 0, 0, 0, 0, 0, 0, 0, 0, 0, 0, 0, 0, 0, 0, 0, 0, 0, 0, 226, 226, 347, 251]",
2017,especificacion_compra_instalacion,False,EIM-GF-0002-2017-N---Aclaraciones Esp. Tec. AA Turrialba.pdf,C:\Users\marco\OneDrive - Caja Costarricense de Seguro Social\EIMGF\2017\04 DOCUMENTOS PDF 2017\NOTAS PDF 2017\EIM-GF-0002-2017-N---Aclaraciones Esp. Tec. AA Turrialba.pdf,2017\04 DOCUMENTOS PDF 2017\NOTAS PDF 2017\EIM-GF-0002-2017-N---Aclaraciones Esp. Tec. AA Turrialba.pdf,557197,1488488967.0,23f9df62341aa60c76b6db8515a7438235de7bac4b0d5f043549050517362b77,1,0,[0],
2017,especificacion_compra_instalacion,False,EIM-GF-0019-2017-IT---Esp. Téc. AA Zona Atlántica.pdf,C:\Users\marco\OneDrive - Caja Costarricense de Seguro Social\EIMGF\2017\04 DOCUMENTOS PDF 2017\INFORMES PDF 2017\EIM-GF-0019-2017-IT---Esp. Téc. AA Zona Atlántica.pdf,2017\04 DOCUMENTOS PDF 2017\INFORMES PDF 2017\EIM-GF-0019-2017-IT---Esp. Téc. AA Zona Atlántica.pdf,12566275,1498574302.0,e6442e106937fbbb63d0359098b9e2080e55dd145684c4aa44e82a570d178ada,18,34,"[0, 0, 0, 0, 0, 0, 0, 0, 0, 0, 0, 0, 0, 0, 0, 0, 0, 0]",
2017,especificacion_compra_instalacion,False,EIM-GF-0022-2017-N---Modificaciones Esp. Tec. AA Región Atlántica.pdf,C:\Users\marco\OneDrive - Caja Costarricense de Seguro Social\EIMGF\2017\04 DOCUMENTOS PDF 2017\NOTAS PDF 2017\EIM-GF-0022-2017-N---Modificaciones Esp. Tec. AA Región Atlántica.pdf,2017\04 DOCUMENTOS PDF 2017\NOTAS PDF 2017\EIM-GF-0022-2017-N---Modificaciones Esp. Tec. AA Región Atlántica.pdf,878204,1501257052.0,62f55235f6ce0747bba22cd3ee144ffa1d78b33138090460a85b55bb9d018f7b,2,2,"[0, 0]",
2017,especificacion_compra_instalacion,False,EIM-GF-0023-2017-IT---Esp. Téc. AA Turrialba - V2.pdf,C:\Users\marco\OneDrive - Caja Costarricense de Seguro Social\EIMGF\2017\04 DOCUMENTOS PDF 2017\INFORMES PDF 2017\EIM-GF-0023-2017-IT---Esp. Téc. AA Turrialba - V2.pdf,2017\04 DOCUMENTOS PDF 2017\INFORMES PDF 2017\EIM-GF-0023-2017-IT---Esp. Téc. AA Turrialba - V2.pdf,16012093,1501788055.0,954bcc95d3f6cb7ccebdf4bd59ac78389666cfb679193a8b5806c920f01000b2,22,42,"[0, 0, 0, 0, 0, 0, 0, 0, 0, 0, 0, 0, 0, 0, 0, 0, 0, 0, 0, 0, 0, 0]",
2017,especificacion_compra_instalacion,False,EIM-GF-0041-2017-IT---Esp. Téc. AA DRSHA.pdf,C:\Users\marco\OneDrive - Caja Costarricense de Seguro Social\EIMGF\2017\04 DOCUMENTOS PDF 2017\INFORMES PDF 2017\EIM-GF-0041-2017-IT---Esp. Téc. AA DRSHA.pdf,2017\04 DOCUMENTOS PDF 2017\INFORMES PDF 2017\EIM-GF-0041-2017-IT---Esp. Téc. AA DRSHA.pdf,970050,1510340804.0,92d4b631d3e2ac964d5073c07b986b0d6dd23ed470681276390ec6fc9eb23139,18,44348,"[813, 1870, 2552, 3471, 3325, 2776, 3287, 2625, 3544, 3301, 3689, 3574, 3716, 3282, 1940, 167, 167, 167]",
2016,especificacion_compra_instalacion,False,EIM-GF-0007-2016-IT---Esp. Téc. AA Ciudad Colón.pdf,C:\Users\marco\OneDrive - Caja Costarricense de Seguro Social\EIMGF\2016\DOCUMENTOS PARA ENVIAR ---PDF---\INFORMES PDF 2016\EIM-GF-0007-2016-IT---Esp. Téc. AA Ciudad Colón.pdf,2016\DOCUMENTOS PARA ENVIAR ---PDF---\INFORMES PDF 2016\EIM-GF-0007-2016-IT---Esp. Téc. AA Ciudad Colón.pdf,6944958,1456519603.0,39163751659e6e033f30a6ea4ea87eb026c905e945be944e4ad8ddd30fe49950,21,40,"[0, 0, 0, 0, 0, 0, 0, 0, 0, 0, 0, 0, 0, 0, 0, 0, 0, 0, 0, 0, 0]",
2016,especificacion_compra_instalacion,False,EIM-GF-0007-2016-N---Aclaraciones Esp. Tec. AA C.COLÓN.pdf,C:\Users\marco\OneDrive - Caja Costarricense de Seguro Social\EIMGF\2016\DOCUMENTOS PARA ENVIAR ---PDF---\NOTAS PDF 2016\EIM-GF-0007-2016-N---Aclaraciones Esp. Tec. AA C.COLÓN.pdf,2016\DOCUMENTOS PARA ENVIAR ---PDF---\NOTAS PDF 2016\EIM-GF-0007-2016-N---Aclaraciones Esp. Tec. AA C.COLÓN.pdf,334250,1467205892.0,eb9b12e73cdd6f0cdc6b8440d6552894a835ebd5aac26047ad56c7ff3f2ae081,1,0,[0],
2016,especificacion_compra_instalacion,False,EIM-GF-0009-2016-N---Aclaraciones Esp. Tec. AA C.COLÓN.pdf,C:\Users\marco\OneDrive - Caja Costarricense de Seguro Social\EIMGF\2016\DOCUMENTOS PARA ENVIAR ---PDF---\NOTAS PDF 2016\EIM-GF-0009-2016-N---Aclaraciones Esp. Tec. AA C.COLÓN.pdf,2016\DOCUMENTOS PARA ENVIAR ---PDF---\NOTAS PDF 2016\EIM-GF-0009-2016-N---Aclaraciones Esp. Tec. AA C.COLÓN.pdf,398329,1469819063.0,b472a88b7821fff8525ca33af34d0616ce88d94f5ee5a7318e1058348d7d3522,1,0,[0],
2016,especificacion_compra_instalacion,False,EIM-GF-0010-2016-N---Aclaraciones Esp. Tec. AA Atlántica.pdf,C:\Users\marco\OneDrive - Caja Costarricense de Seguro Social\EIMGF\2016\DOCUMENTOS PARA ENVIAR ---PDF---\NOTAS PDF 2016\EIM-GF-0010-2016-N---Aclaraciones Esp. Tec. AA Atlántica.pdf,2016\DOCUMENTOS PARA ENVIAR ---PDF---\NOTAS PDF 2016\EIM-GF-0010-2016-N---Aclaraciones Esp. Tec. AA Atlántica.pdf,344610,1470260744.0,2cb9978939340a50c428ea97cbefbd975c2e9a0b49009f896deaf18493a41da9,1,0,[0],
2016,especificacion_compra_instalacion,False,EIM-GF-0011-2016-N---Aclaraciones Esp. Tec. AA Chorotega.pdf,C:\Users\marco\OneDrive - Caja Costarricense de Seguro Social\EIMGF\2016\DOCUMENTOS PARA ENVIAR ---PDF---\NOTAS PDF 2016\EIM-GF-0011-2016-N---Aclaraciones Esp. Tec. AA Chorotega.pdf,2016\DOCUMENTOS PARA ENVIAR ---PDF---\NOTAS PDF 2016\EIM-GF-0011-2016-N---Aclaraciones Esp. Tec. AA Chorotega.pdf,350361,1472053743.0,b1649bc87ab226f50d6fb129184ae4340464c39295d3cfe8865db70f1c6aa1f3,1,0,[0],
2016,especificacion_compra_instalacion,False,EIM-GF-0012-2016-IT---Esp. Téc. AA Turrialba.pdf,C:\Users\marco\OneDrive - Caja Costarricense de Seguro Social\EIMGF\2016\DOCUMENTOS PARA ENVIAR ---PDF---\INFORMES PDF 2016\EIM-GF-0012-2016-IT---Esp. Téc. AA Turrialba.pdf,2016\DOCUMENTOS PARA ENVIAR ---PDF---\INFORMES PDF 2016\EIM-GF-0012-2016-IT---Esp. Téc. AA Turrialba.pdf,7495179,1459802097.0,96b209621f217070cd3878cddd8d9527df2a3422eeb3045840031d1daa79ac61,24,687,"[0, 0, 0, 0, 0, 0, 0, 0, 0, 0, 0, 0, 0, 0, 0, 0, 0, 0, 0, 0, 0, 180, 256, 205]",
2016,especificacion_compra_instalacion,False,EIM-GF-0013-2016-IT---Esp. Téc. AA Jicaral.pdf,C:\Users\marco\OneDrive - Caja Costarricense de Seguro Social\EIMGF\2016\DOCUMENTOS PARA ENVIAR ---PDF---\INFORMES PDF 2016\EIM-GF-0013-2016-IT---Esp. Téc. AA Jicaral.pdf,2016\DOCUMENTOS PARA ENVIAR ---PDF---\INFORMES PDF 2016\EIM-GF-0013-2016-IT---Esp. Téc. AA Jicaral.pdf,4264602,1460120584.0,f6cbf9af9e9eb7162cbde0244bb416206191f996a46ef5e2d8bf448276f43710,14,26,"[0, 0, 0, 0, 0, 0, 0, 0, 0, 0, 0, 0, 0, 0]",
2016,respuesta_inspeccion_recepcion,False,EIM-GF-0013-2016-N---Respuesta Rec. Rev. A.A. Atlántica.pdf,C:\Users\marco\OneDrive - Caja Costarricense de Seguro Social\EIMGF\2016\DOCUMENTOS PARA ENVIAR ---PDF---\NOTAS PDF 2016\EIM-GF-0013-2016-N---Respuesta Rec. Rev. A.A. Atlántica.pdf,2016\DOCUMENTOS PARA ENVIAR ---PDF---\NOTAS PDF 2016\EIM-GF-0013-2016-N---Respuesta Rec. Rev. A.A. Atlántica.pdf,589243,1473686426.0,548b1e743ce3626dab8805e07d381abdb44ce6f07e298994a050679b648b0a84,2,2,"[0, 0]",
2016,especificacion_compra_instalacion,False,EIM-GF-0019-2016-IT---Esp. Téc. AA Zona Atlántica.pdf,C:\Users\marco\OneDrive - Caja Costarricense de Seguro Social\EIMGF\2016\DOCUMENTOS PARA ENVIAR ---PDF---\INFORMES PDF 2016\EIM-GF-0019-2016-IT---Esp. Téc. AA Zona Atlántica.pdf,2016\DOCUMENTOS PARA ENVIAR ---PDF---\INFORMES PDF 2016\EIM-GF-0019-2016-IT---Esp. Téc. AA Zona Atlántica.pdf,4564015,1463434741.0,f77cb4899f9dd8ab9501c5ee22427d4193380aef4da14fc0fc3250252431505d,14,26,"[0, 0, 0, 0, 0, 0, 0, 0, 0, 0, 0, 0, 0, 0]",
2016,especificacion_compra_instalacion,False,EIM-GF-0020-2016-IT---Esp. Téc. AA Jicaral Segunda Versión.pdf,C:\Users\marco\OneDrive - Caja Costarricense de Seguro Social\EIMGF\2016\DOCUMENTOS PARA ENVIAR ---PDF---\INFORMES PDF 2016\EIM-GF-0020-2016-IT---Esp. Téc. AA Jicaral Segunda Versión.pdf,2016\DOCUMENTOS PARA ENVIAR ---PDF---\INFORMES PDF 2016\EIM-GF-0020-2016-IT---Esp. Téc. AA Jicaral Segunda Versión.pdf,4219377,1463758377.0,d9f2a66d9f2066640934355eca5be300576cbd20d2d5fec05ce5e7be0680670c,14,26,"[0, 0, 0, 0, 0, 0, 0, 0, 0, 0, 0, 0, 0, 0]",
2016,respuesta_inspeccion_recepcion,False,EIM-GF-0021-2016-N---Respuesta Rec. Rev. A.A. Chorotega.pdf,C:\Users\marco\OneDrive - Caja Costarricense de Seguro Social\EIMGF\2016\DOCUMENTOS PARA ENVIAR ---PDF---\NOTAS PDF 2016\EIM-GF-0021-2016-N---Respuesta Rec. Rev. A.A. Chorotega.pdf,2016\DOCUMENTOS PARA ENVIAR ---PDF---\NOTAS PDF 2016\EIM-GF-0021-2016-N---Respuesta Rec. Rev. A.A. Chorotega.pdf,814892,1474646840.0,884a9d2675bed0d6a2049ae425e69e482a91c4eb69ba912ce0c5cd89a46f93cd,2,2,"[0, 0]",
2016,respuesta_inspeccion_recepcion,False,EIM-GF-0023-2016-N---Respuesta Rec  Rev  A A  Ciudad Colón.pdf,C:\Users\marco\OneDrive - Caja Costarricense de Seguro Social\EIMGF\2016\DOCUMENTOS PARA ENVIAR ---PDF---\NOTAS PDF 2016\EIM-GF-0023-2016-N---Respuesta Rec  Rev  A A  Ciudad Colón.pdf,2016\DOCUMENTOS PARA ENVIAR ---PDF---\NOTAS PDF 2016\EIM-GF-0023-2016-N---Respuesta Rec  Rev  A A  Ciudad Colón.pdf,2682432,1474930174.0,0eb29f6f0a86ca62be1283bcfbe6036d1ac19d5b523859f418d073a39ac296e4,6,10,"[0, 0, 0, 0, 0, 0]",
2016,aclaracion_modificacion,False,EIM-GF-0029-2016-N---Aclaraciones Dar de Baja Equipo AA Atlántica.pdf,C:\Users\marco\OneDrive - Caja Costarricense de Seguro Social\EIMGF\2016\DOCUMENTOS PARA ENVIAR ---PDF---\NOTAS PDF 2016\EIM-GF-0029-2016-N---Aclaraciones Dar de Baja Equipo AA Atlántica.pdf,2016\DOCUMENTOS PARA ENVIAR ---PDF---\NOTAS PDF 2016\EIM-GF-0029-2016-N---Aclaraciones Dar de Baja Equipo AA Atlántica.pdf,390000,1481307516.0,73ebaf46e9737770b0b14b830e9882b97c506bf2d1f41f4800f6ffe07da8743f,1,0,[0],
2016,especificacion_compra_instalacion,False,EIM-GF-0033-2016-IT---Esp. Téc. AA Zona Atlántica Versión 2.0.pdf,C:\Users\marco\OneDrive - Caja Costarricense de Seguro Social\EIMGF\2016\DOCUMENTOS PARA ENVIAR ---PDF---\INFORMES PDF 2016\EIM-GF-0033-2016-IT---Esp. Téc. AA Zona Atlántica Versión 2.0.pdf,2016\DOCUMENTOS PARA ENVIAR ---PDF---\INFORMES PDF 2016\EIM-GF-0033-2016-IT---Esp. Téc. AA Zona Atlántica Versión 2.0.pdf,4661088,1468530532.0,38771bba6d95aad167435db0a74f179b82617fc91ddfe029999abce404ff0e65,14,26,"[0, 0, 0, 0, 0, 0, 0, 0, 0, 0, 0, 0, 0, 0]",
2016,especificacion_compra_instalacion,False,EIM-GF-0034-2016-IT---Esp. Téc. AA Región Chorotega.pdf,C:\Users\marco\OneDrive - Caja Costarricense de Seguro Social\EIMGF\2016\DOCUMENTOS PARA ENVIAR ---PDF---\INFORMES PDF 2016\EIM-GF-0034-2016-IT---Esp. Téc. AA Región Chorotega.pdf,2016\DOCUMENTOS PARA ENVIAR ---PDF---\INFORMES PDF 2016\EIM-GF-0034-2016-IT---Esp. Téc. AA Región Chorotega.pdf,4927254,1469137959.0,f975a4d9f1fee80e1c6b5f912c143b367a66ba42468811990edcb4e8865b49b4,16,30,"[0, 0, 0, 0, 0, 0, 0, 0, 0, 0, 0, 0, 0, 0, 0, 0]",
2015,especificacion_compra_instalacion,False,EIM-GF-0045-2015-IT---Esp. Téc. AA Puntarenas y Nicoya.pdf,C:\Users\marco\OneDrive - Caja Costarricense de Seguro Social\EIMGF\2015\DOCUMENTOS PARA ENVIAR ---PDF---\INFORMES PDF 2015\EIM-GF-0045-2015-IT---Esp. Téc. AA Puntarenas y Nicoya.pdf,2015\DOCUMENTOS PARA ENVIAR ---PDF---\INFORMES PDF 2015\EIM-GF-0045-2015-IT---Esp. Téc. AA Puntarenas y Nicoya.pdf,5895822,1441661331.0,b3c445e2b898a77aa87d8e50ab2e2293425c720c976e1a84d352054d78355a60,18,34,"[0, 0, 0, 0, 0, 0, 0, 0, 0, 0, 0, 0, 0, 0, 0, 0, 0, 0]",
